{"headers":{"action":"UPDATE", "sessionId": "51a49bdd-8413-4214-b89c-17870c4d0373_1527694996261"},"body":[{"dataModelId":111111, "content":"Some String Data"}]}

{"headers":{"action":"GET", "sessionId": "5ca6694d-f5ce-4903-a311-1b0b8bcb17b3_1527530051816"},"body":[{"dataModelId":111111,"content":null},{"dataModelId":222222,"content":null}]}

{ "headers":{"action":"DELETE", "sessionId": "5ca6694d-f5ce-4903-a311-1b0b8bcb17b3_1527530051816"},"body":[{"dataModelId":33333,"content":null},{"dataModelId":222222,"content":null}]}




{"headers":{"action":"LOGIN","username":"kostya","password":"310765821"},"body":[]}

{"headers": {"action":"GET", "sessionId": "51a49bdd-8413-4214-b89c-17870c4d0373_1527694996261"},"body":[{"dataModelId":111111,"content":"I"},{"dataModelId":222222,"content":"Love"},{"dataModelId":333333,"content":"Java"}]}